{"cameraMode":{"drawMode":0,"name":"Shaded","section":"Shading Mode"},"sceneLighting":true,"audioPlay":false,"sceneViewState":{"showFog":false,"showMaterialUpdate":false,"showSkybox":false,"showFlares":false,"showImageEffects":false,"showParticleSystems":false},"in2DMode":false,"pivot":{"x":0.6601822972297669,"y":0.3979150950908661,"z":-1.416886806488037},"rotation":{"x":-0.004499377217143774,"y":0.016499027609825136,"z":0.00007427167292917147,"w":0.9998548030853272},"size":8.66549301147461,"orthographic":false}