{"cameraMode":{"drawMode":0,"name":"Shaded","section":"Shading Mode"},"sceneLighting":true,"audioPlay":false,"sceneViewState":{"showFog":false,"showMaterialUpdate":false,"showSkybox":false,"showFlares":false,"showImageEffects":false,"showParticleSystems":false},"in2DMode":false,"pivot":{"x":0.027386385947465898,"y":5.040095329284668,"z":-0.9667892456054688},"rotation":{"x":-0.004499377217143774,"y":0.016499027609825136,"z":0.00007427167292917147,"w":0.9998548030853272},"size":57.303558349609378,"orthographic":true}